{"name":"Pagar Otomatis","short_name":"Pagar Otomatis","description":"Aplikasi untuk membuka pagar berbasis Internet of Things","icons":[{"src":"/_nuxt/icons/icon_64x64.9fbb5f.png","sizes":"64x64","type":"image/png","purpose":"any maskable"},{"src":"/_nuxt/icons/icon_120x120.9fbb5f.png","sizes":"120x120","type":"image/png","purpose":"any maskable"},{"src":"/_nuxt/icons/icon_144x144.9fbb5f.png","sizes":"144x144","type":"image/png","purpose":"any maskable"},{"src":"/_nuxt/icons/icon_152x152.9fbb5f.png","sizes":"152x152","type":"image/png","purpose":"any maskable"},{"src":"/_nuxt/icons/icon_192x192.9fbb5f.png","sizes":"192x192","type":"image/png","purpose":"any maskable"},{"src":"/_nuxt/icons/icon_384x384.9fbb5f.png","sizes":"384x384","type":"image/png","purpose":"any maskable"},{"src":"/_nuxt/icons/icon_512x512.9fbb5f.png","sizes":"512x512","type":"image/png","purpose":"any maskable"}],"start_url":"/","display":"standalone","background_color":"#FFFFFF","theme_color":"#1976d2","lang":"en-US"}